,start_date,end_date,gender_concept_id,year_of_birth,month_of_birth,day_of_birth,birth_datetime,race_concept_id,ethnicity_concept_id,provider_id,person_source_value,gender_source_value,gender_source_concept_id,race_source_value,race_source_concept_id,ethnicity_source_value,ethnicity_source_concept_id,observation_concept_id,observation_date,observation_datetime,observation_type_concept_id,value_as_number,value_as_string,value_as_concept_id,qualifier_concept_id,unit_concept_id,observation_source_value,observation_source_concept_id,unit_source_value,qualifier_source_value
107,2008-12-28,2009-01-04 00:00:00,8507,1967,4,1,,8527,38003564,,0035DBD2C0199FBE,1,,1,,1,,4015724,2009-10-23,,38000282,,,0,,,V0382,44824937,,
109,2008-12-28,2009-01-04 00:00:00,8507,1967,4,1,,8527,38003564,,0035DBD2C0199FBE,1,,1,,1,,4059356,2009-10-23,,38000282,,,0,,,V420,44821546,,
110,2008-12-28,2009-01-04 00:00:00,8507,1967,4,1,,8527,38003564,,0035DBD2C0199FBE,1,,1,,1,,4059356,2009-10-23,,38000282,,,0,,,V420,44821546,,
111,2008-12-28,2009-01-04 00:00:00,8507,1967,4,1,,8527,38003564,,0035DBD2C0199FBE,1,,1,,1,,4059356,2009-10-23,,38000282,,,0,,,V420,44821546,,
112,2008-12-28,2009-01-04 00:00:00,8507,1967,4,1,,8527,38003564,,0035DBD2C0199FBE,1,,1,,1,,4059356,2009-10-23,,38000282,,,0,,,V420,44821546,,
113,2008-12-28,2009-01-04 00:00:00,8507,1967,4,1,,8527,38003564,,0035DBD2C0199FBE,1,,1,,1,,4059356,2009-10-23,,38000282,,,0,,,V420,44821546,,
114,2008-12-28,2009-01-04 00:00:00,8507,1967,4,1,,8527,38003564,,0035DBD2C0199FBE,1,,1,,1,,4059356,2009-10-23,,38000282,,,0,,,V420,44821546,,
150,2009-01-20,2009-01-27 00:00:00,8507,1934,12,1,,8527,38003564,,0108C307DB732C80,1,,1,,1,,440922,2010-11-05,,38000282,,,0,,,V5867,44820462,,
156,2009-01-20,2009-01-27 00:00:00,8507,1934,12,1,,8527,38003564,,0108C307DB732C80,1,,1,,1,,440927,2010-11-05,,38000282,,,0,,,V5861,44831974,,
158,2009-01-20,2009-01-27 00:00:00,8507,1934,12,1,,8527,38003564,,0108C307DB732C80,1,,1,,1,,440927,2010-11-05,,38000282,,,0,,,V5861,44831974,,
159,2009-01-20,2009-01-27 00:00:00,8507,1934,12,1,,8527,38003564,,0108C307DB732C80,1,,1,,1,,440927,2010-11-05,,38000282,,,0,,,V5861,44831974,,
188,2009-01-20,2009-01-27 00:00:00,8507,1934,12,1,,8527,38003564,,0108C307DB732C80,1,,1,,1,,4046550,2010-11-05,,38000282,,,0,,,V670,44834334,,
